Well_Name,Form_Name,Form_top_TVDSS,UTMX,UTMY,Prod,GR,Vp,Vs,Density
Well_1,F_1,400,2500,3000,45,45,2500,1625,2.35
Well_1,F_2,500,2500,3000,80,90,5000,3250,2.8
Well_1,F_3,600,2500,3000,115,25,4200,2730,2.5
Well_1,F_4,900,2500,3000,150,60,2700,1755,2.25
Well_2,F_1,450,2200,3500,185,45,2450,1592.5,2.33
Well_2,F_2,550,2200,3500,69,85,4850,3152.5,2.8
Well_2,F_3,650,2200,3500,255,25,4000,2600,2.51
Well_2,F_4,950,2200,3500,290,55,2800,1820,2.25
Well_3,F_1,300,1000,3000,80,43,2500,1625,2.36
Well_3,F_2,400,1000,3000,360,90,5100,3315,2.8
Well_3,F_3,500,1000,3000,10,27,4100,2665,2.61
Well_3,F_4,800,1000,3000,430,62,2750,1787.5,2.4
